country,Y1961,Y1962,Y1963,Y1964,Y1965,Y1966,Y1967,Y1968,Y1969,Y1970,Y1971,Y1972,Y1973,Y1974,Y1975,Y1976,Y1977,Y1978,Y1979,Y1980,Y1981,Y1982,Y1983,Y1984,Y1985,Y1986,Y1987,Y1988,Y1989,Y1990,Y1991,Y1992,Y1993,Y1994,Y1995,Y1996,Y1997,Y1998,Y1999,Y2000,Y2001,Y2002,Y2003,Y2004,Y2005,Y2006,Y2007,Y2008,Y2009,Y2010,Y2011,Y2012,Y2013,Y2014,Y2015,Y2016,Y2017,Y2018,Y2019,Y2020,Y2021
Afghanistan,2279000,2279000,1947000,2230000,2282000,2033000,2280000,2354000,2454000,2081000,1915000,2450000,2700000,2750000,2850000,2936000,2652000,2813000,2663000,2550000,2470000,2391000,2306000,2194000,2081000,1925000,2300000,1900000,1800000,1650000,1726000,1650000,1940000,2050000,2100000,2300000,2711000,2834000,2499000,1469000,1597000,2686000,3480000,2390000,4266000,3363000,4484000,2623000,5064000,4532000,3388000,5050000,5169235,5370259,4673040,4555110,4280776,3613300,4890000,5185000,3900000
Albania,97800,146407,61763,124208,119728,146084,163261,203184,240177,226582,259431,285000,333000,330000,310000,485000,490000,490000,490530,495900,488700,524000,583000,600000,603000,576000,593000,637000,613000,613000,297340,251862,464498,420000,405342,271150,388391,395067,272000,341100,282200,295300,259900,253400,260000,230900,249500,335000,333100,294900,292800,300000,294000,280000,275000,275000,274877,240294,233218,233430,225170.9
Algeria,685723,1507000,1589664,1162456,1325240,630051,1265506,1533794,1326190,1434548,1317392,1655854,1158077,1091111,1847793,1629687,827123,1083019,1080435,1511426,1218380,977070,789786,886469,1478018,1228800,1174800,614420,1152100,750080,1869400,1836750,1016500,713964,1499920,2982604,661514,2280000,1470000,760361,2039213,1501803,2964852,2730700,2414728,2687930,2318963,1111033,2953117,2605178,2910890,3432231,3299049,2436197,2656731,2440097,2436503,3981219.15,3876876,3106754,2168386
Angola,20000,20000,20000,13000,20000,22000,27000,27000,14145,11965,12782,15070,11527,16985,13000,13000,10000,10000,8000,7000,6000,5000,4000,3000,3000,2400,2400,2400,2400,2500,2560,2800,3000,3000,5000,5235.76,5503.12,6000,4000,4000,4000,4000,3937.08,3941.31,4000,4000,4000,4000,4000,4000,4000,3840.03,3214.34,2885.03,2978.24,2966.67,2915.75,2953.56,2945.33,2938.21,2945.7
Argentina,5725000,5700000,8940000,11260000,6079000,6247000,7320000,5740000,7020000,4920000,5440000,7900000,6560000,5970000,8570000,11582000,5653100,8469400,8317800,7974700,8369600,15097700,13111400,13678600,8742800,8756500,9101200,8596900,10055700,10055700,11036600,9998500,9995900,9736500,11406460,9542315,16106700,15086820,12600600,15478660,16146620,15427820,12399040,14710175,16139170,12721976,14662945,16486532,8508156,9016373,16067929,14683475,8134409,9188339,13930078,11314952,18395106,18518045,19459727,19776942,17644277
Armenia,,,,,,,,,,,,,,,,,,,,,,,,,,,,,,,,141483,217900,152900,153800,201400,183700,244300,214380,177762,241679,284670,216698,291556,258361,146544,254233,225734,198080,183464,224082,243130,311558,338158,362746,350369,176428,187453,112621,131951.2,97000
Australia,6727192,8352912,8924460,10036954,7067060,12699257,7546691,14804143,10546200,7889918,8606000,6590000,11987000,11357000,11982000,11800000,9370336,18090000,16188000,10856000,16360000,8875571,22016000,18666032,15999000,16119000,12287000,13935000,14214495,15066100,15066100,10557400,14738678,16479000,8961000,16504000,23702000,19224000,21464800,24757000,22108000,24299335,10131924,26131870,21905113,25150343,10821628,13569378,21420177,21834010,27410076,29905009,22855576,25303037,23742560,22274514,31818743.54,20941134,17597560.79,14480217.44,31922554.7
Austria,711673,706206,689528,750534,660712,896906,1045402,1044709,950279,810424,974281,863310,939152,1101762,945188,1233520,1071848,1194808,849921,1200599,1025011,1236355,1417365,1501000,1562776,1414599,1450734,1559993,1362951,1404468,1375253,1325401,1018013,1255122,1301445,1239723,1352281,1341820,1416200,1312962,1508283,1434208.07,1191380,1718825.23,1453072,1396300,1399341,1689688,1523368,1517805,1781837,1275498,1597706.42,1804018.24,1725736.81,1970363.6,1437143,1367060,1596880,1652740,1547600
Azerbaijan,,,,,,,,,,,,,,,,,,,,,,,,,,,,,,,,943387,840960,739245,625575,758861,896422,798262,846030,1150281,1493741,1692818,1509557,1573006,1527026,1460303,1305458,1645792,2096203,1272340,1594394,1797028,1841307,1407405,1639830,1799858.5,1769574.1,1991683,2114138.8,1818664.8,1837188.4
Bangladesh,32512,39624,44704,34544,34544,35600,53900,58900,93500,104700,111800,115012,90963,110929,116714,218174,259456,347997,494031,822706,1092513,967389,1095370,1211132,1463630,1041825,1090990,1048015,1021950,890000,1004290,1065050,1175630,1131000,1244990,1369130,1454100,1802815,1908000,1840000,1673000,1606000,1506710,1253380,975985,735000,737000,844000,849046,901490,972085,995356,1255000,1303000,1348000,1348186,1311473,1099373,1016811,1029000,1085368
Belarus,,,,,,,,,,,,,,,,,,,,,,,,,,,,,,,,330200,354100,230300,438800,600300,743900,787700,711400,965800,867200,1017000,795594,1120912,1174763,1075238,1396553,2045237,1979000,1739110,2132369,2553570,2101183,2925079,2896411,2339829,2620230,1814765,2308660,2848391,2441000
Belgium,787372,888520,822179,949813,910564,613222,922910,899885,826494,762845,953936,985250,1048963,1077990,723572,939250,795361,1021690,1014501,906472,925978,1062748,1062000,1329992,1215493,1324314,1114686,1319644,1476989,1339516,1438012,1410680,1511632,1553828,1531395,1908529,1717654,1832000,1528471,1687700,1457400,1675000,1640364,1913177,1768410,1661958,1577342,1850406,1909768,1849584,1687749,1834624,1803550,1994600,2019347,1400074,1702721,1661860,1902380,1741480,1629180
Bhutan,5000,5100,5200,5300,5400,5600,5800,6000,6200,6400,6600,6800,7000,7200,7400,7600,7800,8000,8200,8500,9300,10000,11000,12071,11000,11000,8000,4100,4100,5000,5000,5000,7000,10000,13000,17000,20000,20000,20000,4350,4500,4582,4763,4191,11306,9100,8879,5828,4481,4873,6266,5038,5310,5172,3730,2521,3883,1445.19,1318.54,1623.24,1168.94
Bolivia (Plurinational State of),45000,40000,55000,57000,55000,41000,27000,45000,53200,44190,47100,53590,57000,62460,61750,69815,55610,56590,67755,60140,66620,66000,45647,78490,74333,81200,76655,62650,60794,54480,108733,95727,145129,82323,122805,98820,168547,175426,150012,101510,112659,119102,112930,116037,131198,143677,167095,199990,201508,241397,182927,145151.13,208735.26,159670,337599,329437,154293,301688.85,237127,311310,336222.5
Bosnia and Herzegovina,,,,,,,,,,,,,,,,,,,,,,,,,,,,,,,,340000,330000,313000,238750,165700,287372,340931,257764,336085,255221,272280,160734,318986,248332,232496,257112,240533,255848,145412,210004,225137,265152,170550,213015,306605,292368.04,295810,264769,321804,314382
Botswana,400,400,400,400,400,450,450,453,671,360,500,500,517,550,550,570,600,600,600,600,1000,1000,1000,1000,1000,1000,1000,1000,1000,1000,1500,500,875.59,1000,900,701.91,625.24,500,488.28,435.15,550,336.21,294.13,259.73,216.8,187.21,72,104,0,0,0,0,0,0,0,0,0,1212,377,1028.1,1280
Brazil,544858,705619,392363,643004,585384,614657,629301,856170,1373691,1844263,2011334,982901,2031338,2858530,1788180,3215745,2066039,2690888,2926764,2701613,2209631,1826945,2236700,1983157,4320267,5638470,6099111,5745670,5555184,3093791,2916823,2795598,2197354,2096259,1533871,3292777,2489070,2269847,2461856,1725792,3366599,3105660,6153500,5818846,4658790,2484848,4114057,6027131,5055525,6171250,5690043,4418388,5738473,6261895,5508451,6834421,4342812,5469236,5590815,6347987,7874525
Bulgaria,2039600,2089680,1894270,2120540,2923010,3193356,3254163,2549202,2568708,3031719,3094544,3581633,3258147,3034078,2996135,3510835,3384211,3466215,3354760,3846572,4442757,4912580,3608421,4835576,3067514,4326575,4148650,4743133,5425026,5292233,4497045,3442555,3618220,3754310,3435250,1802110,3574840,3203359,2642973,2781242,4077497,4122765,2003937,3961178,3478066,3301882,2390610,4632210,3976852,4094597,4458492,4455104,5504941,5347078,5011597,5662721,6132671,5954520,6319630,4847940,7342990
Burundi,4000,6500,7400,7400,8200,8230,8400,9800,4387,5000,5110,4599,5122,4098,5173,5600,6000,2742,4600,5600,7000,6000,6000,8000,8000,8000,8200,8300,8300,8600,8800,8900,8700,7942,8928,9054,9739,9778,7085,6097,8667,8290,8092,7493,7756,8007,7987,8094,8583,9034,9787,4196,6423,5628,6655.66,7980,8060,22751,4894,8634.72,8806.53
Cameroon,,,,,,,,,,,,,,,,370,787,1000,1548,1518,1518,900,400,270,359,400,400,400,400,381,561.9,574.53,587.16,597.51,557.54,400,561.59,578.52,595.69,613.18,631.08,649.47,668.45,688.14,708.65,730.11,752.65,776.43,801.57,900,950,800,850,850,850,800,800,700,500,435.8,633.02
Canada,7713000,15393000,19691008,16349000,17674000,22516832,16136911,17689040,18267712,9024254,14412287,14513966,16159170,13303500,17080608,23587200,19858208,21136800,17196000,19292000,24802000,26715008,26465008,21187904,24252000,31378000,25945000,15913000,24796208,32098000,31945600,29877200,27255900,22919500,24989400,29801400,24299400,24082300,26959900,26535500,20630200,15961300,23048600,24795500,25748100,25265400,20090400,28619200,26949900,23299600,25288000,27246000,37589100,29442100,27647400,32139900,30377235,32351900,32669800,35437200,22296100
Chad,1500,1400,2700,2700,3500,5200,8000,5500,7700,6900,6500,8210,7000,7200,5000,6000,4000,5000,6000,6000,5600,4900,10000,1248,5300,640,1071,2450,450,2100,3421,2400,2006,2932,2642,2650,3600,4749,3585,2688,2800,4000,2890,0,3603,1865,8393,8100,5000,1698,1723,8750,1757,809,965,1742,1870,1798.02,1613,1815,1539.53
Chile,1030560,969750,1135610,1158880,1115834,1346410,1203500,1219700,1214200,1306900,1367900,1195135,746684,939050,1003070,866470,1219320,892620,995140,966000,685970,650000,585950,988280,1164690,1625809,1874117,1734199,1765525,1718214,1588677,1556588,1323600,1271200,1383861,1227148,1676887,1682040,1196626,1492710,1780160,1820387,1797080,1921652,1851940,1403689,1095872,1237691,1145290,1523921.2,1575822,1213101,1474663,1358128,1482310.1,1731935,1349491.9,1469003.4,1399919,1230988,1353607.94
China,14250000,16665000,18475008,20840000,25220000,25280000,28485008,27455008,27285008,29185008,32575008,35985008,35225008,40865008,45310000,50385008,41075008,53840000,62730000,55210000,59640000,68470000,81390000,87815008,85805008,90040000,85900000,85430000,90807008,98229008,95950000,101587008,106390000,99297000,102207000,110569000,123290000,109726000,113880000,99636000,93873000,90290000,86488000,91952000,97445000,108466000,109298000,112464000,115115000,115181000,117410000,121023200,121926400,126208400,132639000,133271000,134241300,131440500,133596300,134250000,136946000
"China, Taiwan Province of",44248,42100,18739,19709,23492,28507,23864,17118,9950,3664,2346,1546,921,738,3042,1224,1287,2395,2521,2839,2710,2314,1570,2360,2125,3693,4702,2957,3039,2932,3581,4326,4921,4440,4429,193,85,66,88,127,234,262,264,238,196,271,296,292,364,5178,4034,6859,4127,6811,7335,3638,5379,6096,4831,6000,6000
Colombia,142100,162000,90000,85000,110000,125000,80000,105000,88700,53700,53200,69200,72400,58800,38900,45300,29400,37700,41970,45690,62300,70700,77800,59300,76100,81700,74200,62500,79700,104800,93900,75219,96303,105183,74126,64623,50181,39064,40008,37085,31793,40795,46571,43471,43963,26399,36778,39191,24349,15147,12754,8990,8345.66,6488.09,9890.5,13550.27,5478.61,6399.28,5684.02,6295,6965
Croatia,,,,,,,,,,,,,,,,,,,,,,,,,,,,,,,,658019,886921,750330,876507,741235,833508,1020450,558217,865260,811674,822650,506212,801424,601748,804601,812347,858333,936076,681017,782499,999681,998940,648917,758638,969050,687595,753060,803270,867530,986930
Cyprus,45720,66040,64008,45720,91440,55880,96520,66040,81280,43180,96520,81280,4064,96520,32512,34544,23368,20320,13208,13208,10668,10160,9100,9000,9000,6500,13500,13000,8000,10400,5600,10500,11700,8000,11000,13000,11500,11500,14000,10000,10500,12900,14280,9930,9249,7518,10712,2472,14690,18889,23740,22923,15181,4445,35356,6902,16592,15330,29470,32270,25580
Czechia,,,,,,,,,,,,,,,,,,,,,,,,,,,,,,,,,3304271,3713476,3822769,3727203,3640269,3844741,4028271,4084107,4476080,3866473,2637891,5042523,4145039,3506252,3938924,4631502,4358073,4161553,4913048,3518896,4700696,5442349,5274272,5454663,4718205.16,4417840,4812160,4902410,4960930
Czechoslovakia,1666390,1643800,1765620,1828890,1991870,2247400,2515790,3153160,3256650,3173936,3878116,4016814,4645797,5059080,4202464,4806956,5213632,5600588,3736134,5386000,4324783,4606334,5819981,6170309,6023006,5305006,6154228,6547075,6356066,6706872,6205388,5110300,,,,,,,,,,,,,,,,,,,,,,,,,,,,,
Democratic People's Republic of Korea,85000,87000,94000,98000,88000,96000,91000,87000,88000,88000,91000,87000,98000,102000,106000,108000,115000,111000,115000,99000,114000,121000,124000,132000,127000,143000,133000,128000,129000,116000,135000,123000,123000,125000,125000,100000,100000,165000,97000,50000,123866,145000,161000,175000,193000,199000,195000,175000,169000,160000,127000,74000,75000,45000,55000,39000,43800,50900,87500,89000,86603.65
Democratic Republic of the Congo,2127,2970,2892,3084,3000,3300,3956,2806,3420,3256,2000,1655,1324,3400,3500,3600,3500,3600,2900,3100,3100,3200,3400,3400,3400,8260,6510,6590,6670,6750,6830,9230,9730,10250,10818,10255,10342,10443,9900,9385,8897,8440,8490,8540,8590,8640,8690,8740,8790,8841,8841,9292.28,9602.49,10000,9500,11000,10000,11500,10072.64,9000,9000
Denmark,434057,643992,494060,541454,563769,400474,420312,464851,428455,512491,585206,592215,542247,591572,519381,592557,605645,642428,589886,652372,834765,1206971,1547845,2445877,1972165,2177228,2284719,2080441,3224153,3953412,3669852,3583011,4334000,3725194,4598500,4757742,4964703,4928375,4470745,4693422,4663938,4056240,4701382,4758500,4887200,4801600,4519200,5018700,5940400,5059900,4831000,4525100,4145200,5153300,5029300,4201500,4834100,2623930,4642090,4070410,4047090
Ecuador,78170,67300,52600,47200,61300,62727,78543,82910,94099,81000,68493,50640,45189,54989,64647,65000,39800,28904,31248,31113,41431,38538,26914,25172,18464,33006,31368,34198,25634,29907,17059,23997,25528,19836,19763,20431.4,19302,19787,19011,12958,13631,8845,11052,10214,8429,7577,9243,8144,11314,7605,5938,7450.22,5755,6814.24,2052.72,6745.77,5803,5398,5073.39,14647,10898.38
Egypt,1435926,1593098,1493000,1499881,1272000,1465000,1299000,1526000,1277000,1519000,1732000,1618000,1938112,1886000,2033265,1960000,1697000,1933000,1856000,1736440,1938327,2016992,1996000,1815176,1872000,1928000,2721000,2838000,3182000,4268049,4482523,4617997,4832598,4437055,5722441,5735367,5849134,6093151,6346642,6564053,6254583,6624868,6844692,7177855,8140960,8274230,7379000,7977051,8522995,7177399,8407126,8795483,9460200,8800000,9607736,9342538,8421071,8348629,8558807,9101785,9000000
Eritrea,,,,,,,,,,,,,,,,,,,,,,,,,,,,,,,,,5400,13520,9605,7857,9635,31937,27518,13776,36490,4365,4755,9052,21559,21570,27274,5391,26142,33000,29000,33000,30000,30000,25000,25000,25000,25000,25000,25000,25000
Estonia,,,,,,,,,,,,,,,,,,,,,,,,,,,,,,,,89400,105600,57091,77101,101249,111186,118011,88424,146800,133003,148420,144885,196634,263408,219590,345726,342500,342520,327600,360400,484700,406800,615500,812600,455543,713263,450270,846580,840520,736270
Eswatini,,,,,,,,,,106,789,1147,1431,1134,442,194,1300,1300,1300,1300,1300,1300,1300,1300,1300,1300,1300,1300,1300,1435,400,300,390.45,500,450,300,337.11,350,300,300,316.18,318.16,330.94,334.52,318.61,334.95,325,388.8,420,450,556.4,700,720,710.27,686.7,683.13,689.52,724.76,699.14,704.47,709.46
Ethiopia,650000,655000,661000,653800,692900,721700,738900,760000,782000,808000,839500,876000,644800,652800,698900,532490,605210,428910,491400,537446,613227,706597,916614,666052,675620,775257,780210,778763,799936,798757,785878,798467,895520,802747,1083680,1162310,1092820,1142710,1149670,1235270,1596020,1444434,1618093,1614441,2176603,2219075,2463064,2314489,3075644,2855682,2916334,3434706,3925174,4231589,4650933.63,4537852,4642965.71,4838074.09,5315270.33,5478708.65,5214000
Finland,460792,421500,397000,462500,500700,367800,506800,515500,481400,409300,443400,461900,462000,593100,621500,654100,294900,240600,208400,356700,235000,435400,549500,478300,472100,529100,281100,284600,507000,626900,430500,212300,358500,337400,379500,459300,464100,396900,254100,538300,488900,568600,679000,782300,801300,684100,796800,787500,887000,724400,974800,887100,869400,1088200,992100,823900,802000,501600,914180,686620,687160
France,9573520,14053770,10248960,13837700,14760000,11296620,14287540,14984900,14446000,12649000,15241000,17996000,17851008,19007008,15013000,16126000,17450000,20967712,19544000,23781008,23762000,25358000,24745008,32977008,28784000,26474784,27414576,29038496,31822304,33345808,34362204.4,32490754.5,29200262.6,30493197.1,30869728.6,35935157.3,33862197.6,39801138.2,36950991.1,37355956.9,31545319.3,38936514.8,30479361.5,39690179.5,36886102.6,35363563.4,32763445.9,39006372,38336864.7,38207431,35992794.3,37885741.8,38651472,38950202,42750027.4,29316331,38677896,35424140,40604960,30144110,36559450
Georgia,,,,,,,,,,,,,,,,,,,,,,,,,,,,,,,,190700,114000,89400,76500,107400,291700,144629,226073,89406,306479,199675,225414,185834,190137,69700,74900,80300,53900,48400,96800,80700,81000,47500,125600,126600,97900,107100,100600,102400,135900
Germany,5076707,5906465,6135981,6551198,6149342,6053960,7830615,8575084,7987161,7794037,9631772,9351589,9995657,10914574,9749836,9416595,10149096,11265143,11177128,11253864,11254906,11370906,12548219,14125965,13801524,14601295,13971181,15620731,14509067,15241870,16611967,15541661,15766533,16480510,17763312,18921683,19826755,20187491,19615366,21621548,22837837,20817740,19259811,25427210,23692700,22427900,20828077,25988564,25192350,23782955,22782700,22409300,25019100,27784700,26549500,24463800,24481600,20263500,23062600,22172100,21459200
Greece,1527870,1722137,1416932,2088000,2071988,2020033,1935922,1568000,1723594,1930736,1946000,1768000,1682000,2153000,2120000,2376000,1766516,2704452,2407000,2970000,2932000,3039000,2059000,2316000,1807000,2389000,2314000,2514000,2762000,1939000,3162000,2288000,2078846.36,2470189.76,2314836.2,2086212.94,2081481.54,2062774.66,1976552.17,2287322.23,2196642.94,2038581.72,1701946.52,2092097,2018523.55,1778170,1629072,2074607.57,2139472.15,1920669.75,1857428.8,1835900.96,1831869.31,1570415.56,1458705.46,1560776.99,1356772,1072940,979220,1095150,1058360
Guatemala,24656,32079,35609,36100,27164,29642,31555,33140,31208,36025,38031,46715,47104,51106,45382,47864,55752,59616,56764,58128,55300,48600,69600,90700,53800,52744,45418,49895,44225,32033,22680,22680,24267,26004,26003,23690,23000,14633,8246,9525,6214.22,2676.19,2830.42,4232.02,2975.57,1587.57,1864.26,1846.12,1546.75,1437.89,1433.35,1515,1556,1673.76,594.21,743.89,638,464,164,18.05,291.97
Honduras,802,755,691,560,528,538,549,564,681,681,700,700,700,500,500,500,500,1000,700,700,700,700,650,650,600,600,650,680,700,750,785.66,800,841.92,850,900,928.57,1000,1000,950,1051.43,1060.37,1060.72,1000,1056.28,1070.39,1085.46,1099.49,1113.3,1127,1139.61,1170.08,1173.61,1186.05,1193.6,1213.15,1224.43,1234.19,1254.65,1261.86,1250.23,1255.58
Hungary,1935700,1973137,1592851,2142857,2453283,2348683,3021625,3360554,3585385,2722523,3921939,4094570,4502385,4970811,4007324,5148100,5319049,5677255,3708866,6077330,4613863,5761862,5985098,7391963,6578346,5793015,5747761,7025775,6539521,6198256,6007888,3453112,3020655,4873751,4614200,3911820,5258817,4898634,2638970,3692470,5196760,3910244,2941248,6006820,5088219,4376235,3986708,5630833,4419163,3745190,4107000,4010990,5058300,5261890,5331426,5603184,5246258,5258430,5377710,5121480,5290140
India,10997000,12072000,10776000,9853000,12257000,10394000,11393000,16540100,18651600,20093296,23832496,26409904,24734608,21778000,24104400,28846304,29009904,31749200,35507808,31830000,36312608,37451808,42793904,45476000,44068800,47051808,44322896,46169408,54110208,49849504,55134496,55689504,57210100,59840000,65767400,62097400,69350200,66345000,71287504,76368896,69680896,72766304,65760800,72156200,68636896,69354496,75806704,78570200,80679400,80803600,86874000,94880000,93510000,95850000,86530000,92290000,98510220,99869520,103596230,107860510,109590000
Iran (Islamic Republic of),2869119,2754740,2468140,2622578,3647713,4380982,3800000,4400000,4100000,4262000,3700000,4546000,4600000,4700000,5507000,6044000,5517200,5660000,6025148,5849800,5652852,6660072,5956162,6206681,6630522,7556390,7601280,7260230,6010024,8011675,8792666,10178679.4,10732341.7,10869560,11227545.9,10015183,10044716,11955080.3,8673197,8087756,9458618,12450241.5,13439565,14568481,14307970,14663745,15886608.5,6999977.4,12093027.5,12142987.9,8677966,8816001,9304246,10578698.6,11522318,14592003,12704746,13012380.31,14500000,10416184.57,10093578.64
Iraq,857350,1085494,488254,807013,1005288,825955,860000,1537000,1183000,1236000,822300,2625000,957000,1339000,845400,1302400,695700,909800,684800,975600,902000,965100,841000,470900,1405500,1036000,722200,929200,491400,1195800,1476400,1006000,1187000,1342000,1236000,1300000,1063000,1130000,800000,384000,903400,2589000,2329000,1832000,2228000,2086000,2202800,1255000,1700390,2748840,2808900,3062312,4178379,5055111,2645061,3052939,2974136,2177885,4343473,6238392,4233714
Ireland,469900,439000,300600,271600,232660,185300,298000,412300,362800,381000,380200,270400,228900,245000,195000,200000,250000,253000,252000,272000,286000,400000,387000,602000,495000,424000,402000,455000,459000,598000,674000,714000,539000,572000,583000,771000,725000,673000,597000,737400,769200,867200,794100,1019200,802700,801000,713400,992800,690100,669200,929200,707900,545300,717000,696600,647700,681679,485480,595360,364920,628080
Israel,65900,51700,54700,126500,150000,100600,221600,175000,155800,125000,199500,301400,241500,274000,243300,205500,220000,167000,133200,253200,215000,147000,335000,130000,127700,168500,298000,211000,201700,291200,180000,254100,217000,103230,242000,185000,116000,155000,29000,94000,157970,177275,184300,154300,200800,131200,158921,75734,132963,112324.32,141866,222487,178200,139800,173000,168000,72200,70500,84750,116691,150000
Italy,8301200,9496900,8126800,8585800,9775900,9399600,9595600,9655400,9584600,9688600,9993900,9255000,8811400,9576700,9480000,9105800,6238300,9190500,8980300,9156000,8830300,8968300,8717400,10057300,8460700,9102100,9381000,7951900,7412900,8108500,9415660,8938421,8169800,8251400,7946080,7987241,6758351,8338301,7742800,7463968,6413300,7547763,6229453,8638721,7717129,7181720,7170181,8855440,6534746,6849858,6641806.5,7654248.3,7312024.7,7141926.4,7394494.7,8037872.1,6966465,7104650,6739470,6716180,7294570
Japan,1781000,1631000,715500,1244000,1287000,1024000,996900,1012000,757900,473600,440300,283900,202300,231700,240700,222400,236400,366700,541300,582800,587400,741800,695300,740500,874200,875700,863700,1021000,984500,951500,759000,758700,637800,564800,443600,478100,573100,569500,583100,688200,699900,827800,855900,860300,874700,837200,910100,881200,674200,571300,746300,857800,811700,852400,1004000,790800,906700,764900,1037000,949300,1097000
Jordan,138200,111900,75800,294702,277863,101150,167200,95090,159332,54155,168079,211412,50420,244465,50016,66654,62485,53320,16465,133535,50613,52250,100800,49716,62827,30842,79806,78773,54520,82870,61844,75435,57093.5,46852,58457,42678,41782,35974,9250,25433,19293,43771,42526,13166,34363,22928,20997,7835,12484,22125,19801,19205,28517,27452,21925,31150,12110,16389,26361,25749,30000
Kazakhstan,,,,,,,,,,,,,,,,,,,,,,,,,,,,,,,,18284600,11585000,9052200,6490400,7678100,8955000,4746300,11241800,9073460,12706810,12699980,11537420,9936970,11198330,13460480,16466870,12538190,17052020,9638400,22732066.51,9841127.62,13940809.27,12996864.74,13746967,14985379,14802865,13944108,11451648.71,14257950.14,11814123.97
Kenya,109400,84200,110400,134700,172200,128400,162200,216300,241600,221486,205743,164383,136284,172332,158059,200274,178160,175121,207268,215674,214400,247500,253000,144590,250735,258840,233645,244525,243000,249411,264457,297000,212776,297000,312644,315000,252000,270810,211788,204232,256997,307215,378665,379425,368879,329193,322320,336688,219301,511994,268482,441944,449641,228900,238600,214700,165200,336600,366200,404700,245300
Kuwait,,,,,,,,,,,,,,,,,,,,,,,,,5,7,15,23,79,50,3,3,72,43,37,7,296,431,445,365,306,727,509,665,509,510,478,398,84,162,62,116,37,56,45,12,22,9,57,62.39,36.74
Kyrgyzstan,,,,,,,,,,,,,,,,,,,,,,,,,,,,,,,,679000,830700,608400,625000,964100,1273660,1203676,1109107,1039109,1190600,1162567,1013718,998248,950076,840299,708877,746200,1056656,813300,799841,540531,819383,572734,704601,661513.9,600997.2,615926,601216.2,629051.5,362711
Latvia,,,,,,,,,,,,,,,,,,,,,,,,,,,,,,,,332400,338300,199400,243700,357500,394600,385300,351900,427400,451700,519500,468400,499900,676500,598300,807300,989600,1036400,989400,939500,1539800,1435000,1467500,2250100,2062300,2138800,1431600,2371000,2659600,2407700
Lebanon,68500,75247,60000,59500,55000,69992,67690,47673,32956,43005,40971,63686,55138,75560,65000,40000,50000,45000,40000,20000,22000,23000,20000,18000,22500,30000,49218,51490,56438,52000,58594,61580,55000,52675,60005,58342,58394,80600,73000,108100,139500,119000,116300,136800,143700,153400,116200,143700,111400,83000,125000,150000,140000,140000,139000,129037,125797,130000,140000,100000,100000
Lesotho,57540,55000,55000,54000,50000,58000,50000,53780,59696,57552,57903,24000,36000,57000,45337,44640,61381,57906,33629,28194,16993,14462,14810,17127,18434,11009,18547,19237,29698,33162,6844,11854,8127,11955,10603,31300,33722,29641,15426,15545,50755,26250,21805,16216,13797,6085,3956,3720,7420,20119,20065,10516,13472,12592,7069,4690,8851,6975,1432,2004,6000
Libya,29992,33600,34100,28000,56913,57788,62221,52041,78421,27189,17726,41585,67327,38682,75134,133101,48117,99295,110000,140500,123110,188000,209737,183634,149000,190000,172000,161011,185000,128760,130000,125000,126000,120000,117000,124000,156400,140000,130000,125000,125000,125000,125000,125000,125000,104000,104000,104000,105000,132239.07,166000,200000,200000,200000,160000,200000,140000,200000,140000,130000,130000
Lithuania,,,,,,,,,,,,,,,,,,,,,,,,,,,,,,,,833800,890600,549400,637300,936200,1127400,1031000,870900,1237600,1076300,1217600,1204100,1430200,1379400,809800,1390700,1722500,2100200,1710400,1869300,2998900,2871300,3230600,4380330,3844491,3917372,2838900,3843850,4818750,4248850
Madagascar,,,,,,,,,,,,,,,,260,483,420,147,323,300,300,300,300,300,563,337,1000,3000,5000,9000,10000,8000,4000,14000,4000,5000,10000,10000,9000,10000,10000,8814.95,8833.07,10059.62,10000,11000,10000,8812.94,8694.39,10000,10000,5000,5000,5000,5000,5000,5000,5000,1000,2000
Malawi,150,150,178,300,500,611,764,630,665,1814,665,855,605,544,635,919,407,500,500,500,688,700,700,1644,787,1287,1669,1869,1481,1639,877,613,1014,208,1572,2315,1339,1842,1655,1815,2241,1520,1502,1668,1730,1999,4605,2386,2590,2341,1850,1956,1784,1160,1178,797,745,729,566,697,1000
Mali,3750,3500,3000,2000,2000,2000,2000,2000,2000,2000,2000,2000,2000,2000,2000,2000,2000,2000,2000,2000,2000,1500,1500,1500,1444,1013,1425,1115,1710,2066,2540,1256,2210,2650,6150,3159,2720,6680,7585,6208,9353,6545,5701,8942,4805,8565,8585,13166,15132,10051,33842,40071,27430,45668,35756,40137,28015,29185,8226,37124,21000
Malta,2844,2844,2953,2770,2540,2337,2217,1352,1750,1847,2383,2390,2098,1780,2337,3106,3454,2983,3345,4352,4845,7814,7738,5000,5000,5000,4800,4700,4875,4900,5100,5500,5800,6000,6300,4200,9036,9000,8889.97,9556,9600,10000,9600,9951.94,10233.29,10500,12000,14500,13800,13038.07,12468.12,12172.61,11864.98,11543.04,10000,10595.53,12412.68,0,0,0,0
Mauritania,100,100,95,90,100,200,230,230,240,240,200,200,150,150,150,250,300,180,200,210,300,310,320,500,500,500,520,530,540,560,600,580,400,304.24,342.25,369.84,400,467.46,484.37,495.96,482.18,500,600,797,500,574,2000,4000,3414,2413,2888,6092,6684,7059,7050,7720,7577.16,7438.84,7351.39,7257.05,7000
Mexico,1401909,1455256,1702989,2203066,2150354,1647368,2122389,2080725,2326055,2676451,1830845,1809018,2090845,2788677,2798219,3363299,2455774,2784660,2286525,2784914,3193234,4391421,3463296,4505245,5214315,4769411,4415391,3665126,4374739,3930934,4060738,3620503,3582450,4150920,3468220,3375008,3656594,3235080,3020889,3493210,3275460,3236183,2715800,2321200,3015177,3378116,3515392,4019400,4116161,3676707,3627511,3274337,3357307,3669813.71,3710706.27,3862914.27,3503521,2943445.12,3244062.03,2986689.24,3283613.73
Mongolia,98400,288400,291000,335200,291000,227000,289000,188000,114000,250200,316400,169700,339600,250200,365700,280000,318000,279000,240000,229800,295500,440100,647600,460400,688500,663700,543332,672187,686900,596200,538200,453200,450200,321900,256700,215282,237700,191836,166700,138722,138700,123064,160362,135622,73419,127757,109560,209830,388122,345458,435889,465294,368379,494540,206508,467052.79,231364.35,436114.89,411414.78,406129.13,566273.03
Montenegro,,,,,,,,,,,,,,,,,,,,,,,,,,,,,,,,,,,,,,,,,,,,,,2497,752,1096,1155,946,1614,1444,2300.9,2159,2111,2353.8,2462.5,2466.9,2147,2239,2391.58
Morocco,720000,1500000,1440000,1440000,1580000,1150000,1506500,2550000,1469000,1800500,2188100,2160770,1574000,1853000,1574820,2188940,1287600,1876450,1796000,1811000,892000,2183400,1970200,1989480,2358000,3809100,2427360,4019340,3926960,3613890,4938920,1562160,1573020,5523210,1090710,5915790,2316490,4378480,2153540,1380700,3316380,3358680,5146840,5539840,3043080,6326760,1582630,3769450,6371430,4876140,6017821,3878000,6933982.62,5115884.22,8074658.89,2731123,7090817,7320620.11,4025302.52,2561897.5,7543847.9
Mozambique,8800,6000,14000,8000,10000,11000,8624,9202,5200,9202,13600,9000,8000,6000,3000,3000,2000,3000,2523,3000,10000,8000,6000,6000,5000,5000,3000,5000,5000,6862,3000,2000,1721.14,1481.67,1349.22,1290.74,1066.48,1210.58,1429.09,1500,2000,2700,3800,5000,6200,8400,10000,12500,15000,17870,20350,17653,19800,20710,20280,17088,17100,17000,18000,15000,15000
Myanmar,7436,14811,32435,54168,71773,96277,66790,51149,25846,33420,40099,26904,26695,24654,63570,56556,76393,93692,41640,90852,116763,123913,130041,213557,206272,189934,191755,156866,130138,124167,141100,136400,106900,87700,76700,85400,90700,92000,115300,92100,94400,105700,122400,150000,156200,140200,155300,170400,179200,181000,169800,177600,182900,182400,179300,102636,123251.86,115995.52,110663,105457,100000
Namibia,592,482,600,600,700,600,600,600,700,700,700,700,700,800,800,800,800,800,1000,1500,2000,2500,3000,3500,4000,5922,4960,4609,4380,4425,5900,3116,5700,6300,6400,5700,5721,5274,3644,3429,6119,10489,10289,8262,11015,12858,12163,14581,12448,13397.33,16300,14500,15000,10000,10147.71,9822,6094,6094,6100,12000,18337
Nepal,135000,138000,137578,138500,126000,147000,159000,204957,232780,264670,193360,223194,312494,308389,330815,387007,361853,411270,415230,439990,477190,525930,656630,633700,533720,598000,701040,744600,830050,854960,835970,761960,765000,898892,914000,1012930,1072000,1000770,1086480,1183530,1157865,1258045,1344192,1387191,1442442,1394126,1515139,1572065,1343862,1556539,1745811,1846142,1727346,1883147,1975625,1736848.58,1879191.46,1949001,2005665,2185289,2127276
Netherlands,482130,603062,530320,712060,704000,598000,738587,678971,677181,643219,705799,673482,724577,745883,527793,709585,661173,792250,835600,882174,882055,967300,1042914,1131329,851034,940129,768850,827139,1046770,1076000,944146,1016791,1035000,981000,1167000,1268900,1063000,1072000,851400,1142700,990700,1056640,1130100,1223900,1174686,1184400,1018000,1366162,1402040,1369553,1175275,1302002,1335105,1304054,1300085,1016479,1054151,961920,1130530,931830,947250
New Caledonia,100,100,100,100,100,100,150,86,87,100,20,50,67,65,72,50,54,60,70,250,260,580,381,244,367,572,240,66,226,150,308,223,96,137,97,102,51,79,7,0,37,0,19,45,36,0,0,0,0,0,0,20,41,0,6.58,8.48,14.26,4.4,109,53.6,84.5
New Zealand,253349,213233,249188,273990,250320,291778,347760,442334,458642,287212,325646,388663,376111,214582,179874,388178,354035,328756,295028,305768,325723,292052,300825,314556,309591,379700,336823,205984,134994,188042,180690,191039,219414,241853,245173,277014,317000,302100,320000,326000,364000,301499,318916,255860,318947,261798,344434,343350,403463,444890,383262,488614,447799,413497,413533,459349,405182.3,371026.79,398092,453749,422831
Niger,1000,1126,817,930,507,681,372,400,213,390,290,370,772,1650,1800,1000,1900,2062,980,1000,1700,2200,2500,8330,6900,8000,6000,2000,2400,13000,10400,8400,4400,7200,3100,1700,600,12500,12669,10946,6300,3500,3500,6239.06,9000,7796,7000,8775,6179.58,5165.27,1291,3114,5666,1802,8090,8234.18,6003.39,4807.08,4919.88,4275.56,4628.94
Nigeria,16000,16000,16000,20000,20000,20000,21000,20000,20000,19000,20000,20000,15000,18000,18000,18000,20000,20000,22000,24000,26000,26000,26000,27000,113000,132000,139000,50000,60000,50000,60000,40000,32600,35200,43600,47000,66000,98000,101000,73000,51000,54000,58000,62000,66000,71000,44000,53000,80000,110440.62,165000,100000,80000,91300,60000,60000,82758,88362,86900,55000,90000
North Macedonia,,,,,,,,,,,,,,,,,,,,,,,,,,,,,,,,299522,249789,336133,381226,269303,293762,336562,319419,299356,246000,267170,225490,356825,333888,293326,218100,291719,271117,243137,256103,214963,258960,287954,201218,306433,200112,241106,239916,246031,243676
Norway,27400,20000,17700,20200,11800,4145,10583,16365,11111,11601,10431,11596,19833,62095,51819,65268,77998,79806,67001,65000,57700,75500,96800,170400,169900,158500,249000,148300,139600,223606,246300,192500,360300,195100,312200,266300,255500,323400,229700,313400,259100,261500,349500,406800,395400,357000,401100,453300,278000,331400,284600,274700,213000,389600,495200,309400,400500,137700,450100,322500,266600
Oman,1400,1400,1500,1500,1500,1700,1700,1850,1850,2000,2000,2000,3000,3000,3000,2000,500,275,150,359,359,1141,1141,1141,251,289,369,700,900,1190,1200,1250,1300,1325,1350,1380,1250,770,1050,1413,1429,1421,1210,1200,865,775,947,1070,1874,2286,2126,2000,1095,3403,2525,3980,3980,3579,3615,2865,3542
Pakistan,3814000,4026000,4170000,4162000,4590000,3916000,4334000,6418000,6618000,7294000,6475693,6890851,7442570,7628503,7673440,8690713,9143873,8367200,9950000,10856500,11474600,11304200,12414400,10881900,11703000,13923000,12015900,12675100,14419200,14315500,14565000,15684200,16156500,15213000,17002400,16907400,16650500,18694000,17857600,21078600,19023700,18226500,19183300,19499800,21612300,21276900,23294600,20958800,24033000,23310800,25213800,23473400,24211360,25979399,25086174,25633028,26673703,25076149,24348983,25247511,27464081
Palestine,,,,,,,,,,,,,,,,,,,,,,,,,,,,,,,0,0,0,18241,40732,30872,28310,36523,11052,53422,24983,54308,44947,46340,44720,39430,39799,31826,30000,17380,17840,26670,41720,41720,26320,37030,34559.88,34184.67,34380.16,34388.31,34396.47
Paraguay,7200,7000,8800,7000,7200,9160,25100,32000,31376,33000,54800,17600,23000,35245,17872,29251,28261,37801,58253,83679,98895,139071,102138,120764,201090,241543,270528,452006,372916,259337,240538,259337,425421,375679,208617,543435,400189,229173,180088,231119,532155,536754,715000,715000,800000,620000,800000,799632,1066800,1401987,1463881,1560600,1430000,840000,1139147,1144000,1020000,722400,1358000,1302870,927776
Peru,153595,152666,155500,143150,146720,145002,152180,112912,136703,125374,122225,120080,122635,127364,126324,127497,115385,104401,102060,77148,116678,102711,83720,87442,92303,121143,130690,152804,159305,88487,87275,93787,125595,127035,125048,146152,123689,146640,169613,187746,181805,186853,190453,170411,178460,191082,181552,206936,226265,219454,214140,226218.46,230105,218904,214849,188468.76,192099,195245.82,188468.76,186835,202725
Poland,2792000,2700000,3067000,3042000,3338000,3556100,3857600,4567000,4709700,4607800,5455700,5146800,5806500,6408400,5206500,5744775,5308265,6029398,4187394,4175486,4203256,4475712,5165083,6010201,6460793,7501702,7941554,7582141,8461619,9025756,9269974,7368097,8242694,7658457,8668035,8575954,8192681,9536576,9051339,8502865,9283044,9304000,7858160,9892482,8771434,7059671,8317265,9274920,9789586,9408110,9339200,8607600,9485183,11628670,10957787,10827902,11665702,9637620,10807490,12515060,11893550
Portugal,429643,645000,591964,471856,612300,323549,651300,762911,470099,564098,808510,620975,533200,546295,610815,694137,229477,254700,252160,432775,318631,427530,329411,467860,397267,501894,534224,405818,618000,297691,618697,361963,421838,462536,359849,405826,329271,150938,352148,354710,153604,413031,149569,292866,81530,249580,102258,203289,124146,82577,51003,58990,92014,98794,80393,90017,59610,70110,77070,83500,69440
Qatar,,,,,,,,,,,14,15,17,20,16,28,54,105,120,127,130,255,158,173,140,130,206,163,105,637,242,157,201,143,147,135,150,140,83,83,28,25,28,22,21,20,32,30,49,36,26,48,86,5,0,6.2,16,15,1.4,2.3,252
Republic of Korea,172000,164000,139000,190000,184000,193000,191000,211345,224023,218633,196465,148997,99746,74198,96933,81621,44661,35705,41980,91957,57128,65812,111637,17237,10517,4545,3734,2473,1121,889,551,552,1483,2156,10262,10923,7433,4781,5626,2339,2841,5834,10011,12623,7678,5810,7351,10359,18782,39116,43677,37014,19061,23409,26433,38705,37425,25788,15024,16985,30000
Republic of Moldova,,,,,,,,,,,,,,,,,,,,,,,,,,,,,,,,925764,1392610,658780,1277501,784160,1345131,952990,800425,727721,1185210,1116180,520518.18,861030,1056690,691417,406484,1286332,736660,744160,794783,495231,1008647,1101682,922283,1292921,1250702,1162778,1147482,569735,1565200
Romania,3990300,4053800,3798800,3823700,5937000,5064700,5819600,4847900,4348787,3356000,5595400,6040800,5489500,5006700,4860190,6724200,6435000,6102000,4569000,6264000,5281000,6122000,4935000,7388000,5532000,6278000,6632000,8528000,7840000,7289344,5473156,3206382,5314104,6135299,7666538,3143818,7156188,5181823,4661439,4434438,7735136,4420995,2479052,7812428,7340664,5526190,3044465,7180984,5202526,5811810,7131590,5297748,7296373,7584814,7962421,8431131,10034955,10143670,10297110,6392370,10433750
Russian Federation,,,,,,,,,,,,,,,,,,,,,,,,,,,,,,,,46166670,43546550,32128210,30118470,34831232,44235132,26994700,30996953,34460052,46996294,50622106,34069788,45433661,47614681,44926880,49367973,63765140,61739751,41507581,56239994,37719640,52090797,59711381.9,61785799.2,73345679,86002542,72136149,74452692,85896325.7,76057258
Rwanda,1200,1385,1744,321,480,100,300,621,810,1251,1235,2298,2380,2793,2303,3008,3692,3657,2976,2175,1042,2370,3300,3070,5000,5504,6740,8100,10400,11000,14800,12600,4800,3200,6000,6814,5997,4140,3607,6444,8269,7434,15305,16772,21942,19549,24633,6700,7200,8500,9000,15000,7800,7886,7995,9923,10926.27,13475.16,15686.27,12811.42,13684
Saudi Arabia,125000,108000,135000,130000,147900,148750,118149,125000,130000,130000,41908,38954,63719,153385,132038,92540,124610,119928,150426,141732,187231,416735,817497,1401644,2134930,2289995,2648773,3267391,3452427,3580344,4035498,4123660,3429980,2646023,1647956,1200000,1794900,1734000,2046000,1787542,2081870,2436443,2524278,2775678,2648472,2630394,2558000,1985556,1152447,1349389,1184454,854256,660145,718530,693776,618653,620923,586413,500175,554562,612582
Serbia,,,,,,,,,,,,,,,,,,,,,,,,,,,,,,,,,,,,,,,,,,,,,,1875335,1863811,2095400,2067555,1630404,2076237,2399224.56,2690266,2387202.3,2428203,2884537,2275622.58,2941601,2534643.11,2873503.49,3442308
Serbia and Montenegro,,,,,,,,,,,,,,,,,,,,,,,,,,,,,,,,2101000,3048749,3249200,2949000,1507100,2920000,2967000,2035000,1927200,2534200,2245200,1396100,2761200,2009690,,,,,,,,,,,,,,,,
Slovakia,,,,,,,,,,,,,,,,,,,,,,,,,,,,,,,,,1528513,2144626,1937937,1713061,1885961,1789299,1187264,1254310,1800086,1554425,930363,1764846,1607868,1342693,1379643,1819479,1537905,1185286,1631112,1275302,1684274,2072405.3,2082134,2434213,1770659,1927930,1939130,2133330,2002240
Slovenia,,,,,,,,,,,,,,,,,,,,,,,,,,,,,,,,152705,142856,155343,155575,137120,138930,169097,117251,162559,181083,174868,122920,146829,141293,134449,133339,160297,136904,153481,153575,188065,138235,173245,157058,163165,140961,121900,139810,158180,154450
Somalia,,,,,,,,,,,,,,,,,,,,,,,,,1300,1300,1370,1370,1400,925,660,862.89,925,999.38,919.89,920.07,920.28,900,938.29,960,950,957.38,964.49,1000,1200,960,970,1000,950,997.89,1005.5,1000,1000,1019.98,1031.36,1038.68,1044.66,1046.65,1043.45,1047.14,1050.82
South Africa,871000,705000,880000,1060000,656000,548000,1077000,1247000,1316000,1396000,1670000,1746000,1871000,1596000,1792000,2248000,1879000,1692000,2087000,1472000,2356000,2444000,1784000,2346000,1693000,2333000,3154000,3620000,2010000,1709000,2142000,1324000,1983770,1840380,1977254,2711991,2428840,1892080,1733030,2428100,2503950,2437745,1546840,1687000,1905000,2105000,1905000,2130000,1958000,1430000,2005000,1915000,1870000,1750000,1440000,1910000,1535000,1868000,1535000,2120000,2257205
Spain,3438000,4819545,4865360,3981000,4719000,4881000,5654000,5315000,4626000,4062000,5449700,4562500,3967300,4534600,4302900,4436200,4064100,4806100,4082300,6039500,3408500,4410300,4267900,6052300,5328688,4392000,5791000,6514100,5468200,4773500,5467700,4357506,4972971,4302340,3138700,6040500,4676290,5436300,5083800,7293623,5007698,6822160,6290100,7096724,4026694,5521582,6436359,6714300,4804772,5941197,6876657,5189828,7744900,6471400,6362694,7873135,4875957,8322510,6041170,8143510,8564630
Sudan,26400,28500,30940,36765,56008,68976,78446,87535,123200,115300,163000,124000,152000,235000,269000,263000,289000,312000,165000,231000,218000,142000,176000,157000,79000,199000,157000,181000,247000,409000,686000,838000,453000,475000,448000,527000,642000,585000,172000,214000,303000,247000,332000,435000,416000,669000,803000,587000,641695,403000,292000,324000,265000,473000,778600,516000,463000,702000,726000,717578,600000
Sweden,839170,906330,695500,1064510,1038000,591030,1130330,1073550,916530,962130,994930,1130090,1311930,1793100,1454630,1764640,1522330,1290060,1003050,1193320,1066310,1490410,1721250,1775700,1338000,1730510,1557800,1295500,1750800,2242900,1480900,1406300,1746200,1344700,1553800,2030000,2056200,2248700,1658900,2371900,2371500,2088100,2256200,2412300,2246800,1967400,2255700,2202200,2277900,2143000,2253100,2289300,1868600,3086400,3300400,2834500,3298600,1620300,3476800,3214300,3027800
Switzerland,316000,419800,302700,388400,352400,347700,425600,416100,378900,347800,378000,409700,345100,411400,355500,399600,323300,407800,422800,394400,408600,434200,445600,596800,549300,491700,461500,564500,649000,562600,583651,535209,573811,567322,613368,666291,584588,603242,495094,568700,505600,516500,436900,539400,531300,543800,543900,549084,549919,524017,553150,515595,479659,550826,527257,386720,530552,511446,497459,528720,401202
Syrian Arab Republic,757000,1374175,1189585,1100000,1044000,559000,1049000,600000,1003517,624562,846276,1808000,593462,1629896,1550061,1790109,1217214,1650696,1319959,2225800,2086953,1556441,1611988,1067600,1713866,1969000,1656350,2067138,1020000,2070000,2140000,3046000,3626491,3702985,4184144,4080357,3031090,4111625,2691504,3105489,4744623,4775440,4912993,4537459,4668750,4932000,4041100,2139300,3701784,3083100,3858331,3609096,3182111,2024332.33,2677156,1626588,1850740.18,1222987.62,3085097,2848471.85,1951805.93
Tajikistan,,,,,,,,,,,,,,,,,,,,,,,,,,,,,,,,166400,170600,149000,170000,239000,452209,388149,365136,406196,387314,544565,660222,631328,618467,640339,649300,659096,1088591,1033144,726880,812588,947350,868368,896362,917081.4,899653,778986.3,836884,846000,852000
Thailand,,,,,,,,,,,,,,,,,,,,,,,,,,210,400,330,354,458,419,651,740,700,639,710,750,827.25,791.74,800,701.02,821.46,883,911.05,952.21,1000,1013.61,1045.22,1063.01,1107.41,1115.48,1000,1500,1312.77,1265.48,1303.89,1350.35,1306.58,1320.27,1325.73,1317.53
Tunisia,465000,640000,800000,690000,800000,650000,550000,600000,480000,519000,660000,965000,890000,857000,935000,810000,750000,750000,680000,869000,963000,916000,618000,711330,1380000,630000,1359900,360000,420000,1122000,1786100,1584100,1412600,502600,530800,2017650,884900,1353520,1390000,842000,1118000,422200,1984000,1722000,1626700,1250600,1442800,919000,1653600,822000,1605500,1523300,975490,1513000,912570,926592,1104300,1075400,1455000,1042000,1193000
Tï¿½rkiye,7135000,8580000,10137000,8440000,8630000,9715000,10110000,9603000,10593000,10081000,13594000,12275000,10080000,11080000,14830000,16577500,16720000,16764000,17569008,16554000,17050000,17542000,16437000,17235008,17032000,19032000,18932000,20523008,16221000,20022000,20400000,19300000,21000000,17500000,18000000,18500000,18650000,21000000,18000000,21000000,19000000,19500000,19000000,21000000,21500000,20010000,17234000,17782000,20600000,19674000,21800000,20100000,22050000,19000000,22600000,20600000,21500000,20000000,19000000,20500000,17650000
Turkmenistan,,,,,,,,,,,,,,,,,,,,,,,,,,,,,,,,377000,509000,675000,695000,453100,706900,1245200,1505800,1690000,1760000,2326000,2487000,2600000,2834000,3260000,1082770,996160,1405600,1476620,1168220,1200000,1370000,1200000,1406000,1600000,1000000,1000000,1654024,1480733,1367092.11
Uganda,,,,,,885,1329,5000,5000,7920,7000,6900,6900,8000,14000,12000,13000,13900,5000,17000,8000,10000,12000,7000,8000,8333,10000,13000,10761,4000,9000,8800,9000,9000,9000,9000,9000,9000,11000,12000,14000,14000,15000,15000,15000,18000,19000,19000,20000,20000,23000,20000,20000,22076,22078,22100,22100,23206,24000,25000,25000
Ukraine,,,,,,,,,,,,,,,,,,,,,,,,,,,,,,,,19507424,21831008,13856600,16273300,13547100,18403900,14936600,13585300,10197000,21348000,20556000,11430883.59,17520200,18699200,13947300,13937700,25885400,20886400,16851300,22323600,15762600,22279300,24113970,26532100,26098830,26208980,24652840,28370280,24912350,32183300
United Arab Emirates,,,,,,,,,,,,,,,,,14,242,785,906,757,1780,1276,1536,1300,1175,874,544,1201,2877,2466,3179,765,1052,972,601,298,360,212,364,159,116,15,20,24,26,30,30,0,0,0,0,0,0,0,0,0,0,0,0,0
United Kingdom of Great Britain and Northern Ireland,2614000,3974000,3046000,3793000,4171000,3475645,3903807,3470000,3364750,4237460,4816560,4781540,5004535,6131587,4488000,4740000,5274163,6610000,7168000,8470000,8710000,10320000,10800000,14970000,12046000,13911000,11940000,11720000,14033000,14033000,14362419,14093267,12890070,13314154,14309981,16071178,15018248,15449029,14866478,16703526,11580107,15972556,14281852,15473000,14863000,14755222,13220620,17227051,14075596,14877835,15257083,13261000,11921304,16606009,16444000,14383000,14837000,13555000,16225000,9658000,13988000
United Republic of Tanzania,6100,17578,24514,27099,33019,38270,35099,44000,41000,57000,60000,88000,85000,82000,69000,64000,55000,70000,87000,90000,95000,58000,74000,83000,72000,71640,72000,76000,97000,106000,84000,64000,59000,59000,75300,83600,78500,111500,82400,32700,89000,77000,74000,67000,102000,110000,82800,43360,82370,62370,112658,108887,103973,167000,72483,76000,50467,56651,63388,77276,70000
United States of America,33539008,29718000,31211888,34928000,35805008,35513856,41030784,42365376,39263952,36784000,44052800,42081632,46560784,48496688,57886448,58481200,55671056,48322656,58080576,64799504,75806304,75251296,65857904,70618000,65975008,56897008,57361808,49320000,55428000,74294000,53890000,67136000,65222000,63168000,59404000,61982000,67536000,69327000,62567284,60639376,52999932,43703968,63803256,58697040,57241992,49216040,55820360,68016096,60365728,60062408,54418808,61677384,58104610,55147120,55839540,62831507,47379810,51305540,52580890,49751180,44790360
Uruguay,371536,452089,236540,645816,619905,328760,143776,469790,446882,388328,301599,186543,296844,526499,455662,504938,173235,174269,435281,306577,387768,363144,418723,348861,246143,231730,307824,413575,542378,417400,188300,342300,343900,486900,392900,649700,504800,559200,383900,324400,143600,270000,205800,326000,532600,454100,611200,697143,1356600,1844416,1300700,2016300,982000,1532796,1076000,1191000,757000,440000,727600,776300,936400
USSR,62494000,66530000,46700000,69935008,56105008,94469008,72774000,87789008,75122000,93750000,92834000,80833008,103196000,78878000,62250000,91086000,86668000,113552000,84886000,92500000,76650000,79757008,73748000,64960000,73200000,86573008,77331008,78826000,87162000,101888496,71991008,,,,,,,,,,,,,,,,,,,,,,,,,,,,,,
Uzbekistan,,,,,,,,,,,,,,,,,,,,,,,,,,,,,,,,1042400,947400,1452100,2494100,2741800,3229200,3719400,3757100,3684200,3843500,5183000,5625600,5507600,6057200,6099300,6190300,6147100,6639800,6745000,6526955,6612200,6841977,6955976,6964664,6934876,6079164,5410760,6093462,6157844,5984756
Venezuela (Bolivarian Republic of),1228,622,1105,1200,1308,1427,1555,821,486,510,609,639,682,627,532,560,558,571,415,437,420,347,303,291,314,297,306,319,302,310,310,310,310,310,517,517,517,517,517,517,585,54,152,264,517,220,213,230,143,183,204,218,161,161,179,139.5,584.44,1151,831,662.81,550.84
Yemen,34000,35000,37000,41500,44600,43900,46300,41000,35940,38500,51700,45000,76070,101984,88134,85674,88332,59000,88000,73000,84581,82384,50162,52252,73000,95462,112527,142452,162572,154937,99913,152170,159707,171033,170929,144926,129175,167058,139563,141884,152742,131733,103794,103265,112963,149173,218520,170446,222129,265432,232339,250264,232190,192215,124940,95917,95651,92210,100332,130000,125000
Yugoslav SFR,3174000,3514000,4143000,3703000,3462000,4603000,4823000,4363000,4882000,3792000,5605000,4844000,4751000,6283000,4403800,5979300,5595100,5355000,4512400,5091000,4270000,5218200,5525000,5595000,4858535,4776213,5345000,6300470,5598583,6358604,6599700,,,,,,,,,,,,,,,,,,,,,,,,,,,,,,
Zambia,608,934,717,214,214,81,199,200,220,101,100,99,100,1284,3487,3948,5324,5341,6528,9765,11835,14130,10936,13221,17156,17998,27668,37123,46610,55011,65236,54490,69286,60944,38019,57595,70810,63925,69226,75000,80000,75000,135000,82858,136833,93958,115843,113242,195456,172256,237332,253522,273584,201504,214230,159533,193713.15,114462.73,151850.47,191619.8,205881.95
Zimbabwe,807,1216,1869,3865,3810,8878,14051,26222,38938,54127,87184,82037,83921,97383,121083,141433,164540,203052,161963,191234,183516,191880,124250,99000,207200,248346,214548,256910,283835,325983,259213,57000,277000,288000,70000,263134,254772,242121,260909,229775,197526,195000,122427,247048,229089,241924,149110,31000,12000,18000,23000,53231.78,50966.05,40000,45302,42008,38715,45000,94685,212530,337212